0,4.46562719,4.03226852
1,-1.77476931,4.43639183
2,-30.00077248,-7.94531584
3,-33.39287567,-32.67379761
4,3.54854894,-22.69158173
5,-30.09950066,-7.19864941
6,6.65991974,-21.74015808
7,32.60556412,15.37603855
8,-27.21726990,-9.05513668
9,-33.39300919,-32.67770004
10,-28.30102158,-35.20420837
11,-26.82307625,-9.34138298
12,-30.10903931,-7.92807627
13,20.35508347,28.27466393
14,-33.39274979,-32.67607498
15,-5.62560368,-23.48544884
16,-30.09558296,-7.93168020
17,-32.65663528,-6.94009876
18,-32.13539505,-35.39595032
19,25.49432755,23.34161949
20,28.41757202,19.93334198
21,-9.96845055,-22.79439354
22,-30.28749275,-7.72696781
23,-32.52183914,-6.55801296
24,33.52213669,14.11896133
25,25.39439011,23.52362823
26,-3.15559506,-24.06389809
27,-32.40853500,-6.66106319
28,37.87354279,0.63327062
29,-26.80788994,-9.35285854
30,-13.68547726,-21.39757156
31,-12.49357986,-21.84601402
32,4.68464184,-22.25892067
33,24.76155090,23.82682419
34,37.30569077,-2.14079118
35,-29.66231918,-7.33832073
36,-27.21837425,-9.05434513
37,-32.72745895,-6.87565231
38,-33.39348602,-32.67173767
39,-3.48538089,-24.00408173
40,35.08296204,11.37097263
41,20.32782745,28.29795647
42,-33.39324188,-32.67253876
43,19.03017998,29.37926674
44,-27.82022667,-8.63581371
45,-1.37568223,-23.58235550
46,-32.72288895,-6.88130951
47,-27.17645836,-9.08431911
48,-28.78164482,-8.17041111
49,-26.48447609,-9.61243820
50,-32.54205704,-6.55305815
51,-9.42998314,38.83348846
52,-6.11230326,-24.01951218
53,26.37445450,21.75758362
54,12.11186504,-19.27034378
55,-31.45783615,-7.05281067
56,-10.44204426,37.35654068
57,9.02592850,-20.83029366
58,-5.55568552,-24.14228058
59,-29.66104889,-7.32476044
60,-29.66603470,-7.35706854
61,-29.69566536,-7.28103113
62,17.44643402,-17.14211845
63,-5.68364382,-23.48249054
64,-27.82018280,-8.63563538
65,-33.39279938,-32.68064880
66,-30.56636429,-34.81786346
67,24.98510551,23.37222672
68,26.99400711,21.56473923
69,-5.97423506,-23.55229759
70,25.03376389,-13.46298885
71,-28.72903252,-8.02486610
72,25.69415855,22.99473000
73,-31.44498444,-7.05680418
74,-6.20899248,-23.85668755
75,-7.56002712,-23.56575966
76,-31.46691132,-7.05012941
77,-30.25978851,-7.81411266
78,15.59564877,35.42374420
79,-12.01213169,-22.06006813
80,-11.79420090,34.67963409
81,-33.27727127,-6.62130260
82,-30.32541847,-7.48673820
83,26.92946815,21.88679886
84,7.05486822,-21.59253502
85,-32.49376678,-6.56432867
86,-1.15842378,-23.54581642
87,24.92968750,23.77186966
88,-5.05290031,-24.13946724
89,26.67539597,22.27901649
90,-30.24592590,-7.32226849
91,32.90185165,14.92243576
92,33.89946747,13.60879993
93,-5.86384726,-23.48289490
94,-19.07909775,-18.32554054
95,32.13268280,15.57497787
96,-3.31667185,-23.60634422
97,-1.15267646,-23.54480171
98,21.45581627,27.26357651
99,-28.83184624,-8.16991901
100,-32.66899490,-6.93300581
101,-30.05531311,-7.94218683
102,-32.52385712,-6.55756044
103,-6.24529791,-23.83752632
104,27.83315849,20.58169746
105,-28.72987938,-8.00627995
106,35.08442307,11.36806870
107,-28.72917747,-8.02445984
108,-10.26889420,37.60907745
109,-29.72298050,-7.67262173
110,19.01577187,29.38739967
111,-5.12251997,-23.55128479
112,-29.99702644,-7.16837692
113,-32.72650146,-6.61940718
114,27.07598305,21.45376205
115,-33.39266205,-32.68247604
116,-1.89833224,-51.61553574
117,-5.61875820,-24.14438248
118,15.56050873,-18.06558990
119,34.56863022,12.33392525
120,-11.89682293,34.63291550
121,25.43378448,23.00825310
122,28.52251244,19.80770874
123,22.36519623,26.34457970
124,-30.03609467,-7.17364073
125,-5.36282969,-24.09587860
126,-29.87560654,-7.89492178
127,33.18458939,13.99539471
128,-27.84951973,-8.61751556
129,37.86713791,4.13848782
130,-10.90428829,-22.48932266
131,-33.39110947,-32.68339539
132,-7.50507498,-23.57459068
133,13.16631699,-19.30044937
134,-5.63109732,-24.14678764
135,25.07515907,23.28547287
136,26.67367554,22.28025246
137,3.34721923,-22.74417114
138,-3.30896258,-24.11570740
139,-11.43197346,-22.29500580
140,25.15083122,23.71070290
141,-1.73668265,-23.64386559
142,-3.31995368,-23.60656738
143,-28.83490372,-8.15449333
144,-33.39336777,-32.67377853
145,34.39810562,12.57128906
146,33.46689987,13.57028484
147,33.59923553,13.39051533
148,37.42249298,-0.63439316
149,34.41657257,12.56806850
150,-30.29446602,-34.87002563
151,-29.05300713,-34.96585846
152,32.99874878,14.35106945
153,37.67164612,-1.43320048
154,-13.74529552,-21.27985573
155,25.03588295,23.33825874
156,27.87403107,20.53437614
157,37.92856979,-0.51610214
158,2.55290484,-22.89452362
159,16.22734261,32.18544006
160,9.02560520,-20.83042526
161,-4.94868088,-24.15512085
162,-31.39286804,-34.75045013
163,-27.23063660,-9.03784084
164,35.27498627,10.97884655
165,9.18102646,-27.28124237
166,37.88605499,4.55757332
167,9.18639469,-20.76430702
168,-1.66767883,6.52250671
169,37.02980042,-2.45455194
170,28.17282677,20.21157646
171,-5.28311348,-23.53626442
172,3.57293010,-22.68262482
173,-7.13358402,-7.04220486
174,-27.98772049,-35.73858261
175,34.21188736,12.88947964
176,34.08568954,13.07791042
177,37.17991638,-1.52632153
178,11.51985741,-19.76404381
179,30.83759499,-9.49396038
180,21.93396950,26.78474617
181,-8.43849468,-23.26552391
182,-6.14247417,-23.62333488
183,32.91179657,14.88229370
184,24.30604935,24.27924538
185,34.57896042,12.31476688
186,15.56048775,-18.06560135
187,-6.02610397,-24.02887535
188,-3.15797329,-24.06560326
189,-27.94237900,-35.94693756
190,16.22734261,32.18544006
191,28.85539627,19.41852188
192,-1.44835138,-3.79333472
193,-9.07762241,0.66778696
194,35.65953445,-4.92501020
195,-32.52249908,-6.96415138
196,32.42192078,14.78241062
197,16.22734261,32.18544006
198,-4.69128323,-24.09708405
199,28.06912804,20.31560326
200,37.91872025,4.93307590
201,37.93532944,4.81831503
202,5.09858894,-22.06086349
203,27.82274818,-11.68536282
204,17.89417839,29.60554504
205,33.05648804,-7.70130062
206,19.06558990,29.35557175
207,37.44682693,6.04003477
208,25.75879860,22.71686745
209,37.37228775,-0.73005688
210,17.43410301,29.57434654
211,33.44555664,13.64159393
212,28.44607544,19.89974976
213,-3.30352783,-24.11239243
214,37.87582397,0.70387554
215,21.39384460,27.32293129
216,37.55701065,4.97871399
217,21.68911171,27.03194809
218,28.63576508,-11.19755363
219,35.10257721,-6.02837420
220,-15.60935879,16.00578308
221,-1.31319964,-51.52380753
222,-8.16533947,-6.97756910
223,3.94090843,-22.35936928
224,-14.11024189,7.35418320
225,-1.43955863,7.90741968
226,-28.24901199,-35.27411270
227,-1.03197229,9.02178383
228,-1.48084664,7.44315767
229,-18.38735008,-18.20643044
230,21.21024895,27.49324989
231,28.75272369,19.53861237
232,-12.37615108,-7.23454857
233,35.10668564,11.31987476
234,28.65644073,19.65394783
235,37.68173599,4.63150835
236,32.69685745,15.29342079
237,37.86565781,0.45983121
238,4.37015390,-8.67720413
239,24.34048271,-14.05072975
240,32.45396423,14.75040531
241,25.91898155,22.37482834
242,26.71617317,22.25010300
243,32.21779251,15.04345703
244,33.95902634,13.09496117
245,-2.08887386,-51.02436066
246,30.89496040,-9.49354744
247,37.37504959,6.28886890
248,6.83324003,-5.71544170
249,12.72748947,-19.66710854
250,-2.58055520,-51.48457718
251,27.55098343,-11.63887882
252,-2.83806396,-3.79661393
253,4.05547380,-22.33304214
254,26.43707657,21.71912193
255,4.95894623,-3.27187109
256,32.74121857,15.22037506
257,20.92483330,27.76367188
258,23.99414825,-13.57633209
259,26.90603256,-12.03196812
260,10.96829224,-20.03616142
261,37.00555038,-2.31024241
262,6.83339119,-21.67504692
263,37.54195404,5.71722269
264,26.11691475,22.67724800
265,-31.63341904,-35.49906921
266,5.12866163,-22.46692848
267,26.29545021,-12.61708927
268,-30.25063324,-35.16097260
269,-18.56048775,-17.41774559
270,-19.06956482,-18.34297371
271,21.97292709,26.74681854
272,-18.59212875,-17.95925331
273,37.86246490,0.18058252
274,27.08150101,-11.85857201
275,26.12553978,22.66710281
276,-3.06791115,-23.78872299
277,26.91422653,21.91109276
278,37.29128265,-2.16597557
279,23.85821342,-14.26671696
280,21.01384544,27.68195343
281,-31.15776062,-35.45536804
282,33.84926224,13.66629505
283,37.16006088,6.85195160
284,23.44407272,-13.98636246
285,16.91441536,29.61190987
286,32.14130402,15.56697083
287,26.07647705,22.20752144
288,21.74474144,26.97536659
289,33.23093414,14.52118969
290,-1.83251417,-51.80256271
291,37.63531876,5.38512230
292,26.19838524,21.97104263
293,24.72712517,23.85274887
294,21.29297447,27.42015457
295,27.63887024,20.80308723
296,24.16198158,-13.49716282
297,29.14507103,19.08238792
298,-18.75198555,-18.50489998
299,-1.45535755,-4.27113199
300,17.53561401,29.58271408
301,37.28277206,6.53040743
302,30.96629906,-9.75353909
303,-13.69601059,-21.38740540
304,27.33814049,-11.70498371
305,36.95407867,7.35440779
306,26.43687820,-12.53762341
307,23.58787537,25.05138588
308,24.60534096,24.00287247
309,34.31238174,12.68060398
310,-0.77692389,-3.60965133
311,11.52253628,-19.77357292
312,-7.66916561,-4.92672014
313,26.54343414,21.65781021
314,37.81868362,-1.08108079
315,32.26770782,15.50076199
316,37.87158203,4.02849436
317,24.23601151,24.36509705
318,7.23993444,-10.48198986
319,-9.29946804,38.98368454
320,31.54559135,16.26725960
321,-20.36068916,-5.84665918
322,34.91914368,11.68342400
323,26.54564285,21.68546104
324,34.96761322,11.59274483
325,36.79442596,7.71017027
326,33.51084137,14.13843536
327,-1.68337202,-4.28510427
328,-30.97802544,-34.74436188
329,-32.27256775,-34.93712234
330,37.65842438,5.17158175
331,-0.73317176,-3.60004544
332,27.46685791,-12.22819233
333,33.91452026,13.49357986
334,-12.15068150,34.37096024
335,32.18804550,15.45338535
336,17.74697495,29.60185432
337,0.68737185,1.77491462
338,-1.68644333,-8.11645699
339,-9.05884457,2.42878485
340,-1.72755086,-8.26801109
341,-2.53851652,-51.29365921
342,6.01184750,-15.58536243
343,0.90555978,12.03665638
344,-14.16056728,-20.98281670
345,-11.02481747,36.36182022
346,-32.03194046,-34.82025528
347,26.77261162,-12.31954956
348,-4.25931549,-5.69142866
349,-18.28275108,-17.56087112
350,-1.31875157,-51.49098969
351,37.56033707,4.86836100
352,26.69922829,22.26179504
353,28.74115753,-11.12173748
354,27.69989204,-12.01888466
355,22.12777901,26.59087944
356,27.90535164,-11.67053032
357,-2.80761862,0.10779349
358,-10.53719807,37.14850616
359,37.91989517,4.92657709
360,16.47667885,29.79619408
361,12.04758930,-19.86619759
362,0.90373605,12.03519535
363,16.47667885,29.79619408
364,37.30287552,6.48383808
365,33.08477402,14.18832016
366,4.89725256,-11.88331223
367,27.44252014,-12.24574089
368,4.27806520,6.79701853
369,37.25300598,6.60724640
370,-1.50543404,7.34456396
371,3.79492188,-22.78694916
372,30.79053116,-9.50740814
373,1.61958194,-5.96999216
374,2.23924327,-11.54328823
375,27.87496758,-11.67709064
376,37.51712418,-1.73166466
377,-31.51481438,-34.77910995
378,12.55690765,-19.68229103
379,12.07338524,-19.34235573
380,-0.54153579,-4.19748831
381,0.90535045,12.03651524
382,-9.02721977,2.43714237
383,27.07001114,-11.86870670
384,-1.60618973,6.72008896
385,-31.28925323,-34.74657822
386,16.23579788,33.00967789
387,37.86518097,4.16302013
388,-4.69878292,-10.52003574
389,-1.03541613,-3.69059825
390,0.64622241,2.27247858
391,-1.08142805,7.55149841
392,10.55226231,-3.20133901
393,-11.53444004,-22.25507164
394,-31.73145103,-35.47865677
395,5.09884357,-1.92898107
396,35.09579086,-6.03462172
397,34.42086411,-6.46671867
398,5.11667109,-22.46908188
399,23.84728241,-14.26995754
400,37.26118088,6.58388710
401,25.77005196,-12.90850449
402,-19.07463837,-17.65465355
403,-4.41254473,-23.88980293
404,28.34461784,20.00265503
405,-5.95244217,-16.95628166
406,-13.11462498,-21.53891373
407,7.17341852,-7.01402807
408,-1.10599720,9.48559093
409,-11.51990604,-22.26073647
410,-19.49661064,-17.32007980
411,-1.68295324,6.51727247
412,-5.67594624,-2.20972633
413,-0.51098692,-4.18518257
414,-1.22727418,-4.32536411
415,30.04241943,-10.25132942
416,21.40812302,-9.90814781
417,12.55445004,-19.67914009
418,-1.95401943,-4.29090118
419,8.69868183,1.07485545
420,37.69958496,4.61866951
421,-11.06720543,-22.43234444
422,-11.55065536,-8.13099957
423,16.83822060,29.63024521
424,-2.26260400,-5.97620630
425,-14.63332653,-20.68284035
426,32.46498871,14.73846626
427,-6.53382254,-8.55152702
428,-19.10681343,-18.28924179
429,-8.72128868,9.07595062
430,-2.86254501,-3.72486234
431,-4.42017221,-6.07043648
432,-2.21913004,4.44353056
433,-0.03249040,-3.89134955
434,14.98793888,-2.87563896
435,3.56048131,-5.08223820
436,7.40562868,5.27425098
437,-0.70568436,-16.62320328
438,-2.20762444,3.88468361
439,-0.56316632,-12.63116550
440,-13.10710239,-21.56787300
441,37.39775467,-0.67894089
442,-1.23949730,6.47682095
443,-15.53943825,1.24396598
444,-1.87575793,-1.32823503
445,-1.13703835,7.35252094
446,-15.68524456,-2.77026320
447,-1.31373680,-51.51998138
448,-6.90984583,-8.88237286
449,-18.31562042,-17.53133392
450,-1.18820179,-3.74983382
451,0.33914682,-7.33798218
452,-4.21879721,-10.84360409
453,-1.67617297,-1.54816842
454,16.37970734,29.86937714
455,-11.99102116,-2.17433715
456,16.37965584,29.86936378
457,-28.69117355,-34.92845535
458,25.03460693,-13.45235538
459,30.78925896,-9.86156368
460,37.03557968,-2.33301997
461,35.32604599,-5.23229885
462,-4.65567827,-23.62618256
463,-31.02303696,-7.20196962
464,-2.15955138,3.53209472
465,11.44701099,-19.84255409
466,29.96372795,-10.27138519
467,24.20340347,-14.13028145
468,37.80595016,5.13707829
469,25.06571770,-13.32030106
470,-4.68174505,-23.61043739
471,-7.78705215,-23.61410713
472,35.36701965,-5.63516140
473,14.79425621,-18.44018745
474,23.64470100,-13.76862240
475,34.70580292,-6.28255033
476,30.33235168,-10.06486511
477,9.01240253,-20.83551025
478,11.67040730,-19.82191467
479,-11.56931114,-22.24758148
480,36.00815582,-4.30686760
481,-4.28594923,-0.43795532
482,-8.04431343,5.16566181
483,-1.60984766,-7.43490553
484,10.81252193,1.82700551
485,-1.39991236,6.16587496
486,26.74431610,-12.35745716
487,-12.58519936,-21.80197334
488,5.37298632,-22.32489586
489,-13.75239658,7.13079596
490,-1.34926665,-52.09060287
491,-18.03403854,7.66767740
492,-0.61878729,-16.47467041
493,-18.74389648,-17.40536308
494,14.11660862,-18.70994377
495,24.60383034,-13.88784218
496,37.86945343,4.11086321
497,-13.74600315,-21.27015877
498,-1.96013176,-52.28067780
499,4.09203434,-22.78779793
500,-5.80912542,-6.89154530
501,-9.37806606,1.19441700
502,-1.43595219,0.80397230
503,0.09763785,-3.85521579
504,-18.73544693,-18.50678444
505,-12.49096298,33.65239716
506,-18.15383530,10.58046532
507,-28.87234116,-35.12694931
508,23.05832672,-14.44376469
509,-29.02494621,-34.95112610
510,-13.11031818,-21.57572937
511,-9.18167973,5.41904497
512,-1.02282095,9.70701790
513,1.26684976,-2.02317190
514,0.90608829,12.03697395
515,-1.91089034,-51.02700806
516,-28.19821930,-35.33317184
517,27.17651367,-12.35542202
518,9.36251068,1.16011131
519,-30.83060265,-34.78148270
520,-1.23032856,8.06054974
521,37.96145630,-0.36382425
522,15.64022541,34.14611816
523,37.26716995,-1.12736642
524,15.64022541,34.14611816
525,-0.73178756,-3.59969211
526,14.77427006,-18.42848396
527,-3.91690683,-7.95031309
528,16.00211143,32.94603348
529,-2.54117942,-51.83412552
530,-1.19023883,-3.75157595
531,-2.49356937,-51.20413971
532,-13.21878052,12.51981640
533,-80.95874023,53.09049225
534,1.35015845,-3.59664226
535,-1.32972372,-4.31980944
536,15.76404190,32.14470673
537,24.39727211,-13.37249374
538,8.54600048,1.13945735
539,-2.08825183,-51.02135468
540,-8.18142605,1.01325619
541,-0.63425910,-11.83064365
542,15.76404190,32.14470673
543,3.08416724,-7.02064705
544,-0.45846602,-9.51801300
545,-11.50846195,-22.26562500
546,24.70667267,-13.83614922
547,-1.68536842,-4.28549576
548,0.90517932,12.03639507
549,2.42713404,0.73924780
550,-17.83871269,-18.55592728
551,-28.78076553,-35.13372421
552,-1.74584126,4.95388794
553,-3.27451611,-10.89130116
554,-30.07067299,-35.04711914
555,-2.20713353,3.90336394
556,-1.08282876,7.67879677
557,-1.87785637,4.27140951
558,-19.53652000,-17.31994820
559,-2.43455386,-1.05717826
560,-12.12564850,34.99073029
561,-14.91817760,11.02133846
562,-1.46383393,7.73809338
563,-4.13522720,-8.18123627
564,25.64451790,16.43861389
565,-1.47237730,6.08956242
566,-32.03403091,-34.82030487
567,-2.25536036,-51.08512115
568,-1.23235691,6.50990343
569,-8.28217220,3.63387060
570,-14.35789204,-6.46131945
571,15.56950283,35.47080612
572,-14.98024654,11.29759216
573,-0.63347596,-4.23303890
574,0.36508223,-1.39859736
575,12.72624779,-19.66478348
576,6.61377573,-1.87356532
577,-2.90433717,-3.67450881
578,1.82890844,-6.80690813
579,-1.26001632,-52.01813126
580,-2.95552444,-3.44274807
581,12.72624779,-19.66478348
582,4.34223032,0.95013964
583,-3.10796833,-10.24353790
584,6.13140440,-4.76602888
585,4.92039871,-9.11785221
586,-1.43990123,-0.34212020
587,3.71295476,-22.50217247
588,3.20889282,-2.38815904
589,12.78604221,-18.98221779
590,15.98216343,31.64052010
591,12.78503895,-18.98130608
592,23.43869591,-14.00664330
593,15.98216343,31.64052010
594,-2.46899772,0.83231097
595,-13.64952183,-21.18147850
596,1.84455335,-6.00098181
597,-28.49363136,-35.01736450
598,-11.54316425,-22.25166893
599,3.59360790,-5.07825375
600,15.64749336,34.18277359
601,-5.78584480,-2.18961263
602,-7.82551146,-23.39566231
603,-31.47422600,-34.98387527
604,9.14464760,-27.18025398
605,-3.60330200,1.54444635
606,-4.68859148,-24.09621048
607,-19.26016235,-17.86601639
608,-9.53462124,37.87953949
609,-1.93929279,3.22581983
610,-9.53462124,37.87953949
611,0.67562467,-7.10838604
612,4.28006697,-5.47845507
613,-18.50932884,17.22667313
614,8.12060452,2.03184795
615,-6.40807343,-5.95882273
616,-1.72429812,-52.32066345
617,24.88740730,13.06101608
618,-14.17113876,-20.97596169
619,-1.29359639,9.04508114
620,13.37393188,-19.05137062
621,5.23639345,0.18576016
622,-1.52916586,-52.26167679
623,29.93420029,-10.30020618
624,34.90476608,-5.48912859
625,-3.24809861,-23.61071587
626,-2.19377494,4.17760611
627,-18.16806602,-17.73147964
628,-18.78004456,-18.49490166
629,16.29466248,29.96516228
630,16.29466248,29.96516228
631,23.03256226,-14.45150661
632,-1.21719491,8.87327290
633,-0.68729311,-4.24169064
634,1.03198361,-0.26203787
635,4.71693563,2.87336302
636,-2.49640346,-4.13444710
637,-30.88865089,-35.36404037
638,5.27133322,-22.05688095
639,-3.47824121,1.02576149
640,15.60829449,33.34111786
641,-2.20438409,4.57231092
642,-1.60128641,5.94627857
643,-13.96648026,-7.18216991
644,-1.13015187,-3.72445035
645,16.43543625,33.36989212
646,16.43558311,33.36990738
647,-14.32125950,-7.72533369
648,-9.52819443,-3.89944792
649,-14.89326572,10.48146248
650,16.43556404,33.36991119
651,-18.51068497,12.83849144
652,-1.98774576,-4.29216480
653,16.05124474,33.35728073
654,-1.22492015,7.07100821
655,-1.22664535,10.03836155
656,-13.51630497,-7.57306337
657,15.60829163,33.34111786
658,-2.21908545,4.50202084
659,15.60829353,33.34111786
660,24.53087616,-13.93495083
661,-1.69825208,6.42265987
662,-10.14478970,-4.28899240
663,-6.21861076,0.86641771
664,15.60829163,33.34111786
665,-11.64868641,-6.96445465
666,16.43544388,33.36988831
667,-1.77847385,5.28005695
668,0.60470873,1.70816815
669,-68.84172821,28.06124306
670,16.43383408,33.36971283
671,-2.53017664,-1.98912680
672,4.64184237,4.00038052
673,-5.54953241,-4.18966198
674,-5.11546707,2.70315599
675,-11.51226330,-8.35244656
676,15.60829163,33.34111786
677,1.25483167,-8.10689449
678,-31.06924057,-35.44429398
679,-1.72415900,4.81437683
680,15.60829163,33.34111786
681,-15.94073200,7.33175755
682,-6.00423288,0.89921373
683,-4.92939472,-5.09511328
684,1.45199525,-10.48474789
685,-18.83056450,-17.42256927
686,-1.94490135,5.05161619
687,-16.67852402,9.71047592
688,-29.84457397,-35.00101471
689,-3.19880772,0.58920407
690,1.77043307,-3.00072670
691,-14.12013626,28.50687599
692,-14.12013626,28.50686836
693,6.52685261,-2.05663610
694,-10.26517487,10.83019733
695,2.32177305,-6.24785614
696,-1.25773025,-4.32240200
697,-1.27073312,-4.32238150
698,-3.11752987,-23.68353653
699,-29.47427940,-35.03894424
700,2.09422898,-10.97419834
701,-18.40271378,17.22529411
702,12.25234795,-19.15688133
703,37.86610794,0.08486362
704,10.26582241,-20.31883621
705,37.19070816,-1.48720109
706,37.85581207,-1.00552809
707,-0.63004160,-1.39997029
708,24.60297966,-13.28943253
709,24.98534393,-13.31753254
710,17.38083839,-17.17452812
711,35.44620895,-5.45750046
712,15.19742680,-18.23586464
713,36.32540512,-3.74876714
714,36.97248459,-2.12708879
715,12.07003975,-19.36979866
716,-30.48027420,-35.20600891
717,25.09221268,-13.28542423
718,-18.14825630,-17.78591728
719,-18.86003113,-17.41197205
720,6.39278030,-5.94140148
721,-1.91958320,3.20999050
722,0.80028403,-0.37119308
723,22.77286911,-14.57919121
724,35.48861313,-5.13880539
725,-7.87438536,-23.43331909
726,31.17240143,-9.40629292
727,-13.62305641,-21.17789841
728,-8.93506908,-6.57634258
729,-4.46913958,-4.97862101
730,4.25966597,-22.30097008
731,-9.13936615,8.56573772
732,1.35677469,2.47792363
733,4.51196051,-2.10009170
734,-32.19323349,-35.37841415
735,37.87135315,-0.94870615
736,-19.25291634,-17.88534927
737,-20.41495514,15.00550365
738,-18.17970657,-17.71465874
739,36.74393082,-2.95760369
740,-31.25038528,-34.72415543
741,34.58014679,-5.94457483
742,-1.26041532,10.10539818
743,-32.36674881,-35.22200012
744,-1.05809259,8.79550934
745,-2.04989052,-1.55819237
746,37.84154129,-1.03231394
747,3.12159944,-0.63499373
748,31.26816559,-9.31400299
749,-4.13386059,-1.81506586
750,-20.33456612,14.91854858
751,-7.86596823,-23.42730713
752,24.39313698,-13.37060261
753,-11.80591965,35.27103424
754,-11.80591965,35.27103424
755,-2.33646297,-4.19062424
756,34.14302063,-6.69975185
757,31.09560585,-9.49194431
758,-9.16334438,-10.27229881
759,35.32719803,-5.72893190
760,3.75539708,-22.76817894
761,35.94473267,-4.41983271
762,4.33769035,-22.71739960
763,36.20542526,-3.96906424
764,-28.71796608,-34.92257690
765,-17.77304268,-18.42629433
766,23.84225655,-14.27014542
767,4.70881939,-2.20792222
768,-11.58278847,-22.24015617
769,-1.36830151,-51.89656830
770,37.55015182,-1.70333767
771,-8.06893539,-6.85027218
772,4.60112524,-8.83349323
773,4.37062407,-22.70516586
774,-0.68738103,-16.98984909
775,34.50972748,-6.39256287
776,0.90498251,12.03625011
777,-1.64917970,5.72285080
778,35.10244751,-5.31539583
779,5.36500788,-22.34416962
780,5.27310658,-22.05863380
781,36.16866302,-4.03371906
782,-4.75868177,-23.58122063
783,-17.77303314,-18.42624855
784,-13.09914875,-21.56746864
785,36.02933502,-4.27122355
786,-1.81908357,-52.32647324
787,-11.60922241,35.13389969
788,-5.37656975,2.62150645
789,0.90530396,12.03648472
790,-10.11225128,1.34227681
791,-30.12645912,-35.04280090
792,3.22265911,-7.16080332
793,30.15932083,-10.17136669
794,9.33612251,-20.70490837
795,27.70185852,-12.02090359
796,14.55286694,-18.60339928
797,36.30133057,-3.79277849
798,-31.20809364,-35.46881104
799,-2.61585188,-51.49349594
800,30.46821022,-9.94598579
801,-1.94955552,3.23604488
802,8.04978085,2.37332940
803,-2.97674417,-3.27749610
804,-18.37194443,-18.11613083
805,5.74936438,-22.06514359
806,-13.44556141,-17.58639908
807,-11.80591965,35.27103424
808,34.53480148,-6.11293745
809,5.43146133,0.08480958
810,-17.92437553,-18.61196518
811,30.48773575,-9.83055019
812,37.68710327,-0.19627616
813,-31.78468132,-35.47512054
814,0.90349603,12.03498077
815,35.79314041,-4.67011690
816,23.87558365,-13.61538982
817,-8.50290012,5.01886845
818,-7.00626516,-3.58793664
819,-18.54025841,-18.49972916
820,-2.96907949,-3.35575938
821,8.34519386,-21.10056686
822,-4.52556801,-23.91869736
823,-10.08645630,11.21153450
824,-7.81618834,-23.57845306
825,-1.09124517,8.16526985
826,34.74412155,-5.67040110
827,1.11945331,-5.45413160
828,-2.69171834,-3.99136353
829,8.34228134,0.64107174
830,36.94488525,-2.58492494
831,7.08241987,-2.42563629
832,27.03886986,-12.37809563
833,-1.30925226,9.23713589
834,30.93621826,-9.77853680
835,2.49059248,1.30216753
836,-2.67295837,-4.01624298
837,-12.84476185,32.65199661
838,-12.84476185,32.65199661
839,-20.66310883,4.10941601
840,-15.80638027,1.07878208
841,-95.04531097,17.32773399
842,-2.54208660,-51.82976532
843,1.62644720,4.98775101
844,-9.75473595,-4.03876877
845,16.10548782,34.45686340
846,15.96319103,34.44477463
847,-11.34601593,14.10197926
848,7.43741322,-7.14240789
849,-6.71253920,-0.12681541
850,16.12929344,30.30762291
851,-1.41487932,-0.49836439
852,-19.17169952,-18.00883675
853,-14.70662308,25.68476295
854,12.78858948,-18.98220253
855,5.57041740,-3.71022153
856,12.78712368,-18.97726822
857,-3.54669809,0.19997662
858,15.82071781,32.37314606
859,4.17765713,0.86893225
860,-1.22318184,6.58727455
861,-15.47114563,19.72753716
862,-15.47114563,19.72753716
863,-2.11705971,4.82225513
864,-15.45460320,19.72676659
865,-15.47307587,19.73055267
866,-6.96346378,-12.72654343
867,-0.40650520,-9.53575706
868,-1.20929003,8.31449413
869,-8.54979706,4.94586182
870,2.25814414,-0.90629286
871,-30.89419556,-35.37573624
872,-10.01930904,38.53094101
873,-9.49259281,8.23789024
874,-13.21150112,-7.22388649
875,-10.01904392,38.53088760
876,1.14199996,-8.21016598
877,-1.84696865,0.52711457
878,-9.53212166,38.17742920
879,1.74725628,5.05540228
880,-9.53212166,38.17742920
881,-9.53216076,38.17749405
882,-9.59237671,38.25643158
883,3.84133244,2.42473769
884,-10.01906013,38.53088379
885,-10.01930904,38.53094101
886,-11.58738041,34.93581009
887,-10.42127895,-13.31261921
888,-4.26162529,-4.96514654
889,-13.45537472,30.89186287
890,-1.54673612,-51.17203903
891,8.29422951,-21.12103653
892,-14.70519924,25.69640160
893,3.69498563,-13.35985756
894,-1.30614734,9.99970531
895,7.29586458,5.15909910
896,-3.08253264,-11.02128983
897,-14.63256168,15.51402569
898,10.15105152,1.44407022
899,-0.45020428,-5.96967363
900,5.96185112,-21.99528885
901,-1.96621227,3.25096631
902,-10.34209442,38.37571716
903,-8.12989330,-1.56753898
904,0.76727247,0.22987093
905,-7.11324549,-3.58713698
906,-2.22791910,-52.22593689
907,-2.40801954,-52.09973526
908,-1.93399847,-51.59887695
909,-2.41809821,-52.08906555
910,-1.57195342,-51.15375900
911,-8.57104588,8.14892387
912,2.95360923,-22.82233810
913,-1.57195342,-51.15375900
914,-2.22791910,-52.22593689
915,-0.10085665,-3.67783332
916,3.75185823,-4.58276129
917,-0.36003616,-3.60350180
918,-0.36003616,-3.60350180
919,-11.58696270,34.94067764
920,13.14273834,-19.39716911
921,2.18516231,5.29940319
922,4.46930027,7.03819847
923,13.14273834,-19.39716911
924,-9.17512703,0.31333753
925,-12.12698174,35.00095749
926,-12.12698174,35.00095749
927,69.23033142,-69.38257599
928,-2.50484562,-4.12719870
929,-12.12698174,35.00095749
930,34.02894211,-6.81270885
931,2.48219395,3.38831949
932,-11.62975597,34.83049393
933,-3.35681415,-50.47221375
934,-9.91833878,37.67217255
935,0.82862949,1.80980730
936,15.71084499,35.23333359
937,4.71555281,-11.55669594
938,-1.48731863,-3.89138269
939,16.29071999,34.11498260
940,-10.32293129,10.47031975
941,-0.67336911,0.42658824
942,16.29071999,34.11498260
943,16.29052544,34.11500931
944,-9.79281998,37.68733597
945,-0.15896690,-13.38418770
946,11.65491581,-7.66324997
947,-0.51164043,-1.74209368
948,15.96863556,31.59527588
949,2.31768847,-5.32852554
950,17.19289970,-17.26602364
951,-27.97832108,-8.53543377
952,-18.87919807,11.94813061
953,28.55670547,19.76009369
954,17.68733597,-17.02384758
955,-14.45448017,26.98142433
956,-18.87919807,11.94813061
957,-18.87919807,11.94813061
958,-18.87919807,11.94813061
959,-19.42695427,12.13578606
960,-18.87919807,11.94813061
961,-19.42695427,12.13578606
962,-1.26469505,-23.56368637
963,-15.22655869,18.66010857
964,-19.42695427,12.13578606
965,3.02911425,-15.34181595
966,-18.87919807,11.94813061
967,-1.48094499,2.78783298
968,-19.42695427,12.13578606
969,-18.87919807,11.94813061
970,-18.87919807,11.94813061
971,-18.87919807,11.94813061
972,-5.33373785,-4.53610611
973,20.36922264,28.26246834
974,-14.11359406,0.99879831
975,-2.35405326,-4.18820953
976,-0.31085753,-4.12003756
977,-6.45046568,-6.09763718
978,1.98503125,-11.10310078
979,2.18404937,-5.13273764
980,-14.77731895,19.02005577
981,14.77844906,-18.44565392
982,-15.63346577,18.98609924
983,-15.64021587,18.97924805
984,-15.63357925,18.96807480
985,-15.62652683,18.95889664
986,-15.63372898,18.96674156
987,-5.16369247,2.49568272
988,-14.78684711,19.02130890
989,-1.22266674,10.01521111
990,14.77844906,-18.44565392
991,-15.55445099,18.81610489
992,-15.02489471,18.74666405
993,-5.31446457,-3.74945760
994,-14.77287865,19.00252151
995,-14.78066826,19.02330399
996,-2.92057109,-3.56925678
997,8.14051533,-21.17797089
998,-14.77213860,18.99871063
999,-14.77164936,18.97468758
1000,-15.24281883,18.73502541
1001,-20.65625000,4.12483454
1002,6.42801332,-6.04548120
1003,-9.69679832,37.71504211
1004,-9.63163376,8.95633888
1005,-7.60651255,-2.24271703
1006,0.90381402,12.03525734
1007,-1.02866840,9.11811733
1008,7.14139175,-11.83569622
1009,-14.25608635,27.90336418
1010,-9.90313816,37.67463303
1011,1.61547160,-8.59978771
1012,-18.50922966,12.83970547
1013,-14.99899864,25.22129631
1014,7.85665131,-21.28933334
1015,0.08282346,-13.04045963
1016,-9.30550003,-6.53169966
1017,-14.58438778,26.33908272
1018,-14.58438778,26.33908272
1019,-1.26854002,10.17736626
1020,4.35730457,-22.70152473
1021,-7.75197983,-23.37675667
1022,-15.10287571,10.24540329
1023,-15.00871181,25.17909622
1024,-15.00872517,25.17907143
1025,-10.47796059,-13.47662640
1026,4.11715174,6.59245682
1027,5.68506670,-6.11115980
1028,-3.76343536,-7.86796665
1029,-27.34883499,-8.95154762
1030,11.06966209,-19.99938011
1031,-6.26430178,2.39683509
1032,-15.00977516,25.16453362
1033,8.00249577,-21.23195267
1034,14.20861530,-18.69636345
1035,-8.41882038,-2.33651590
1036,34.99968719,-6.11985731
1037,17.59486961,-17.06918907
1038,-10.32435417,38.39789963
1039,-12.12805748,35.02431870
1040,-11.93753910,-2.13061261
1041,-13.12082195,31.87374878
1042,7.18193340,-10.27121925
1043,3.32427859,-2.30825782
1044,17.81325531,-10.37751484
1045,-17.36109161,13.89834499
1046,-10.59724808,11.08911991
1047,2.42907715,1.06795311
1048,-14.67127323,15.91273212
1049,-13.13953114,31.82052422
1050,-14.89030743,24.70370102
1051,-15.62405586,14.78649902
1052,-7.26203012,-1.83970606
1053,-15.62405586,14.78649902
1054,-13.04367733,6.19560575
1055,-0.51602691,-9.55929184
1056,-13.62220383,-21.17784500
1057,-10.38187313,38.06055450
1058,-10.38189888,38.06058502
1059,-10.38187313,38.06055450
1060,-10.38187313,38.06055450
1061,2.11275864,-0.65548682
1062,-14.53418541,0.95073593
1063,-14.57965469,25.04739952
1064,-4.56494761,-0.40275466
1065,0.47664881,-1.42036450
1066,1.94921124,-2.92699385
1067,-13.63711739,30.35802841
1068,-12.48653412,33.66960907
1069,-12.48653412,33.66960907
1070,-14.88792515,24.27650642
1071,-14.88792515,24.27650642
1072,-14.48556423,26.82910919
1073,-14.70859814,25.70236969
1074,-1.73513758,4.60052681
1075,-3.79210544,-1.82245779
1076,7.70572376,-17.21604156
1077,-13.97557449,29.80820274
1078,-6.59580135,1.01101255
1079,-13.68041515,29.72326088
1080,0.02770098,-8.01184368
1081,-9.38414383,-2.37593436
1082,-6.86329699,-0.73425061
1083,-1.60469580,-7.23216677
1084,-15.61441994,-2.75041771
1085,-6.82611465,-8.69692707
1086,-13.67986774,29.71956825
1087,-6.92995214,-12.65689564
1088,-13.97557449,29.80820274
1089,-13.68041039,29.72328758
1090,-18.40118408,9.82755852
1091,-13.67987537,29.71954346
1092,-13.68041515,29.72326088
1093,-13.97557735,29.80817986
1094,-13.67986774,29.71956825
1095,-32.72950363,-35.05127716
1096,-3.22417784,-1.99237227
1097,-13.97557449,29.80821228
1098,-13.97557449,29.80821228
1099,15.96711063,31.47775459
1100,-5.74702835,-4.80985117
1101,16.10230637,33.62016678
1102,-18.65430069,12.75224686
1103,-18.65430069,12.75224686
1104,-14.26656342,27.85883522
1105,-13.60571384,7.39438057
1106,-8.46050262,4.32388544
1107,-14.88829994,24.30308151
1108,16.04150391,30.79247665
1109,-16.12404251,14.64310837
1110,-14.80798340,15.20201397
1111,-14.80798340,15.20201397
1112,17.57646561,-17.07832718
1113,-14.80798340,15.20201397
1114,0.83488405,-0.04117055
1115,-14.80798340,15.20201397
1116,17.57589531,-17.07804489
1117,-14.80798340,15.20201397
1118,7.59314108,-21.38648987
1119,-14.80798340,15.20201397
1120,-13.01806450,6.06167459
1121,-3.77919531,-14.77866173
1122,-0.22709188,-12.83757877
1123,7.31340694,-11.41930008
1124,-15.09933662,20.22743607
1125,-15.03522682,20.21391678
1126,-15.25683784,20.23661423
1127,-15.06133652,20.21764374
1128,-14.90067959,19.78997612
1129,3.09679937,-17.48781395
1130,-8.52393246,0.21981893
1131,6.09748077,-4.64454031
1132,-14.50570679,26.73342323
1133,-6.83501244,-12.46716595
1134,-14.12205505,28.49873543
1135,-15.05205345,21.89869308
1136,4.85526991,1.91532755
1137,-13.94902420,-8.47524452
1138,-13.11936665,31.87759972
1139,-7.15453005,-7.07608795
1140,-16.66139221,14.40054798
1141,-16.66139221,14.40054798
1142,-16.90806770,14.25031185
1143,-15.22390366,18.66409683
1144,-19.17922592,10.01945591
1145,-13.78493690,-7.40404177
1146,-19.10632324,12.56245995
1147,-14.54205036,25.18840027
1148,-14.54205036,25.18840027
1149,-14.73641872,16.21840286
1150,-16.74639320,14.35426807
1151,-14.64081478,15.75571728
1152,-14.60696125,24.98724747
1153,14.51212120,-18.55471420
1154,-14.62120914,15.62364388
1155,-1.21959424,-1.62463975
1156,-16.20029068,14.62447834
1157,-14.88863468,24.30002594
1158,-15.05106449,21.91096878
1159,-14.92852211,17.15482521
1160,-14.92852211,17.15482521
1161,-14.92852211,17.15482521
1162,-14.92872143,17.15511513
1163,-14.92872143,17.15511513
1164,-16.13030243,14.64111805
1165,-17.85480118,13.45683575
1166,-14.90270329,19.75952721
1167,-19.34116936,10.58341694
1168,-19.04718399,9.88438225
1169,-19.39076424,11.68556499
1170,-17.43210793,13.84903240
1171,-17.43210793,13.84903240
1172,-18.57586288,9.66883373
1173,-16.12161827,14.64758778
1174,-9.69789696,-0.23263474
1175,-17.26827431,13.97598743
1176,7.02692413,-21.60186005
1177,7.02692413,-21.60186005
1178,-15.02089787,15.30663109
1179,-15.02089787,15.30663109
1180,-19.17245293,10.00968552
1181,-19.17245293,10.00968552
1182,-15.01298809,15.32106304
1183,-19.27435303,12.42180634
1184,32.16576767,15.18540192
1185,-18.39978027,9.66772842
1186,-18.39978027,9.66772842
1187,-18.57608223,9.66886330
1188,-18.56791878,9.66994476
1189,-18.56791878,9.66994476
